"","Kingdom","Phylum","Class","Order","Family","Genus","Species"
"f8ca6e1313d60ac073c03113e3038446","Bacteria","Proteobacteria","Alphaproteobacteria","Reyranellales","Reyranellaceae","Reyranella",NA
"f6332bd3292a9bd309d4c4e5ba7b1041","Bacteria","Proteobacteria","Alphaproteobacteria","Sphingomonadales","Sphingomonadaceae","Sphingopyxis",NA
"74b0ed344b4572404cbbf63bbe3d3f00","Bacteria","Proteobacteria","Alphaproteobacteria","Sphingomonadales","Sphingomonadaceae","Novosphingobium","midas_s_711"
"2da27309adb498598e1224b29d88a34b","Bacteria","Proteobacteria","Alphaproteobacteria","Sphingomonadales","Sphingomonadaceae","Novosphingobium",NA
"f84af7c417aba1ac3540e4d1844ef755","Bacteria","Proteobacteria","Alphaproteobacteria","Sphingomonadales","Sphingomonadaceae","midas_g_59","midas_s_59"
"a50b2f941e3fdca303625d00d84c60d4","Bacteria","Proteobacteria","Alphaproteobacteria","Sphingomonadales","Sphingomonadaceae","Sphingobium",NA
"172786fd6d8be5236567003ceb355802","Bacteria","Proteobacteria","Alphaproteobacteria","Rhodospirillales","midas_f_2010","midas_g_3943","midas_s_3943"
"23faca5835787d8e8b51730fdfe7ca59","Bacteria","Proteobacteria","Alphaproteobacteria","Rhodospirillales","midas_f_2010","midas_g_3943",NA
"9e748fbabd69d0a598bd8334994b610c","Bacteria","Proteobacteria","Alphaproteobacteria","Rhodospirillales","midas_f_2010","midas_g_7894","midas_s_66318"
"5924442008bbad13c898fe56e1fd8570","Bacteria","Proteobacteria","Alphaproteobacteria","Rhodospirillales","midas_f_17292","midas_g_66233","midas_s_66233"
"38879313ebfcd3d3be93871752b3b74a","Bacteria","Proteobacteria","Alphaproteobacteria","Caulobacterales","Caulobacteraceae","midas_g_40834","midas_s_59006"
"71982025ff7b7f265c1397c781dd8490","Bacteria","Proteobacteria","Alphaproteobacteria","Micavibrionales","midas_f_2019","midas_g_2087","midas_s_2087"
"02177533f8952f6b846283ebcca2da24","Bacteria","Proteobacteria","Alphaproteobacteria","Micavibrionales","midas_f_2019","midas_g_2019","midas_s_55954"
"cdbaa3b56219731799d045398ba64467","Bacteria","Proteobacteria","Alphaproteobacteria","Elsterales","Elsteraceae","Elstera","Elstera_litoralis"
"6df6b19e9a9fdce80753db9f0cb9218c","Bacteria","Proteobacteria","Alphaproteobacteria","Rhodobacterales","Rhodobacteraceae","Phreatobacter",NA
"945e6a352e81d0dd036394a4d8db5410","Bacteria","Proteobacteria","Alphaproteobacteria","Rhizobiales","Beijerinckiaceae","Bosea","midas_s_5625"
"41358274307b1fed13bd8ad72c844790","Bacteria","Proteobacteria","Alphaproteobacteria","Caulobacterales","Hyphomonadaceae","Hirschia","midas_s_5283"
"bfec93ed0832eb0afac9b987240eac52","Bacteria","Proteobacteria","Alphaproteobacteria","Caulobacterales","Hyphomonadaceae","UKL13-1","midas_s_14032"
"49c9299a310c4beae25b6cdf6f6bfd52","Bacteria","Proteobacteria","Alphaproteobacteria","Rhodobacterales","Rhodobacteraceae","Tabrizicola","midas_s_71906"
"9db510b6c1db9c30ab802b922c8feb39","Bacteria","Proteobacteria","Alphaproteobacteria","Rhodobacterales","Rhodobacteraceae","midas_g_436","midas_s_4272"
"1191c31baab3c694557dfd8b5722790d","Bacteria","Proteobacteria","Alphaproteobacteria","Rhodobacterales","Rhodobacteraceae","Gemmobacter","midas_s_12870"
"1ace2138771e8d5248a951d9daf0136d","Bacteria","Proteobacteria","Alphaproteobacteria","Rhodobacterales","Rhodobacteraceae","Gemmobacter",NA
"f94934d2dbf62f0d5be1b9f82126d0b2","Bacteria","Proteobacteria","Alphaproteobacteria","Rhodobacterales","Rhodobacteraceae","Gemmobacter","midas_s_14446"
"1951337738bd0897f0eeca60a4dbd647","Bacteria","Proteobacteria","Alphaproteobacteria","Rhodobacterales","Rhodobacteraceae","Tabrizicola",NA
"4fea03fc03d8fa6f4eae7c5c5f8f9b73","Bacteria","Proteobacteria","Alphaproteobacteria","Rhodobacterales","Rhodobacteraceae","midas_g_783","midas_s_7314"
"a309de6afc09a1ede405bd503d0951d0","Bacteria","Proteobacteria","Alphaproteobacteria","Rhodobacterales","Rhodobacteraceae","Gemmobacter","midas_s_4941"
"89e792fd5d3aab8c65571169bcbcc41e","Bacteria","Proteobacteria","Alphaproteobacteria","Rhodobacterales","Rhodobacteraceae","Rhodobacter","midas_s_25270"
"9407c81b9f97bc6eacaf2df8205a2a5e","Bacteria","Proteobacteria","Alphaproteobacteria","Rhodobacterales","Rhodobacteraceae","Rhodobacter",NA
"c593576d17bf39cc3f9b76eaf5519b96","Bacteria","Proteobacteria","Alphaproteobacteria","Rhodobacterales","Rhodobacteraceae","Rhodobacter",NA
"a31c19f28e6ec5f0941d565ace611553","Bacteria","Proteobacteria","Alphaproteobacteria","Rhodobacterales","Rhodobacteraceae","Rhodobacter",NA
"ed8d4d0bbd8c28db1b00474f72bbc267","Bacteria","Proteobacteria","Alphaproteobacteria","Rhodobacterales","Rhodobacteraceae","Amaricoccus","midas_s_13927"
"b82619aa862d7cd94d53e31de0579e04","Bacteria","Proteobacteria","Alphaproteobacteria","Rhodobacterales","Rhodobacteraceae","midas_g_33932","midas_s_66421"
"dde5110413a38b6dfbfc5b1668de33d5","Bacteria","Proteobacteria","Alphaproteobacteria","Rhodobacterales","Rhodobacteraceae","Amaricoccus","midas_s_6124"
"cc3cb0ed411451ff313b1ba8e2ae2b71","Bacteria","Proteobacteria","Alphaproteobacteria","Rhodobacterales","Rhodobacteraceae","Paracoccus",NA
"abda92f28e1f688d123baec57b0dc251","Bacteria","Proteobacteria","Alphaproteobacteria","Rhodobacterales","Rhodobacteraceae","Paracoccus",NA
"3e518cfd9b6e9a9ec8c6c083017b0a54","Bacteria","Proteobacteria","Alphaproteobacteria","Rhodobacterales","Rhodobacteraceae","Roseobacter_clade_CHAB-I-5_lineage","midas_s_3151"
"002025d0d270d5f3952b18704ef2b999","Bacteria","Proteobacteria","Alphaproteobacteria","Rhodobacterales","Rhodobacteraceae","Defluviimonas",NA
"a506508a3c842bb738a5b13e9d95bb23","Bacteria","Proteobacteria","Alphaproteobacteria","Rhodobacterales","Rhodobacteraceae","Defluviimonas",NA
"10be37324a5b10cd15be8fd663c0e733","Bacteria","Proteobacteria","Alphaproteobacteria","Rhodobacterales","Rhodobacteraceae","midas_g_75","midas_s_192"
"b45f4309d49ec9dbaef4562244605311","Bacteria","Proteobacteria","Alphaproteobacteria","Rhizobiales","Hyphomicrobiaceae","Pedomicrobium","midas_s_1270"
"43a23c672d00942cda22afe89aa2ca91","Bacteria","Proteobacteria","Alphaproteobacteria","Rhizobiales","Hyphomicrobiaceae","Hyphomicrobium","midas_s_121"
"2c92f492ddc0de1c16ab089e88d6a3d7","Bacteria","Proteobacteria","Alphaproteobacteria","Rhizobiales","Hyphomicrobiaceae","Hyphomicrobium","midas_s_3444"
"9434ee366d5c9d21eaffedb3607352c4","Bacteria","Proteobacteria","Alphaproteobacteria","Rhodobacterales","Rhodobacteraceae","Bauldia","midas_s_3392"
"447c1accec7486307a9e7ce4373c09d2","Bacteria","Proteobacteria","Alphaproteobacteria","Rhizobiales","D05-2","midas_g_31688","midas_s_31688"
"fb137ae6db957e1806a5c4192e3d436d","Bacteria","Proteobacteria","Alphaproteobacteria","Rhizobiales","Devosiaceae","Devosia",NA
"7f3e7b9c632a78df98199e119b2b386b","Bacteria","Proteobacteria","Alphaproteobacteria","Rhizobiales","Rhizobiaceae","Allorhizobium-Neorhizobium-Pararhizobium-Rhizobium",NA
"4c376c79c18a1e39a9f54c689fd9ba15","Bacteria","Proteobacteria","Alphaproteobacteria","Rhizobiales","Pleomorphomonadaceae","midas_g_7101",NA
"3e7bf6cd4a5fc02783f52f9c7468f15b","Bacteria","Proteobacteria","Alphaproteobacteria","Rhizobiales","Pleomorphomonadaceae","midas_g_7101","midas_s_60982"
"fab06f8e0dc27abcf5ab3e1a58d2c1a4","Bacteria","Proteobacteria","Alphaproteobacteria","Rhizobiales","Pleomorphomonadaceae","midas_g_7101","midas_s_29282"
"c520d897e3d79e2f102bb2036e50a7a5","Bacteria","Proteobacteria","Alphaproteobacteria","Rhizobiales","Pleomorphomonadaceae","midas_g_7101","midas_s_48655"
"573343852bc09b808f26b18e42c03ba5","Bacteria","Proteobacteria","Alphaproteobacteria","Rhizobiales","Pleomorphomonadaceae","midas_g_7101","midas_s_65953"
"71fe0e2b88936597b2d820cfb811206e","Bacteria","Proteobacteria","Alphaproteobacteria","Rhizobiales","Rhizobiaceae","Allorhizobium-Neorhizobium-Pararhizobium-Rhizobium",NA
"b9fd60de08398442307d960016db91e0","Bacteria","Proteobacteria","Alphaproteobacteria","Rhizobiales","Rhizobiaceae","Allorhizobium-Neorhizobium-Pararhizobium-Rhizobium","Allorhizobium_borbori"
"069db0a1704be4520dfc1781212657af","Bacteria","Proteobacteria","Alphaproteobacteria","Rhizobiales","Rhizobiaceae","Shinella",NA
"f8ee1ba79c9594df68545cc73ff09159","Bacteria","Proteobacteria","Alphaproteobacteria","Rhizobiales","Xanthobacteraceae","Xanthobacter","midas_s_8674"
"c78aeb8547b2543f40a1a22e2dd1f817","Bacteria","Proteobacteria","Alphaproteobacteria","Rhizobiales","Xanthobacteraceae","midas_g_5750","midas_s_80740"
"dd57bf9f5dfc9374921e5903fb5df25f","Bacteria","Proteobacteria","Alphaproteobacteria","Rhodobacterales","Rhodobacteraceae","midas_g_2400",NA
"d97add7466d85f15a815a1bfb82e22d5","Bacteria","Proteobacteria","Alphaproteobacteria","Rhizobiales","Rhizobiaceae","midas_g_153",NA
"4824d93f57f1e4fbeeb1a1569471cad7","Bacteria","Proteobacteria","Alphaproteobacteria","Rhizobiales","Rhizobiaceae","midas_g_153",NA
"d03747186c9945c5162702899130bbe5","Bacteria","Proteobacteria","Gammaproteobacteria","Pseudomonadales","Moraxellaceae","Acinetobacter","midas_s_52677"
"bc49011bb21c107415d6a2648f49606c","Bacteria","Proteobacteria","Gammaproteobacteria","Enterobacterales","Enterobacteriaceae","Enterobacter","midas_s_36701"
"0ba31bcd4b80ca8ff865f8dc54234503","Bacteria","Proteobacteria","Gammaproteobacteria","Burkholderiales","Comamonadaceae","Hydrogenophaga",NA
"aba5c865eb4660c27a8c3af7af935f2d","Bacteria","Proteobacteria","Gammaproteobacteria","Burkholderiales","Methylophilaceae","Methylotenera","midas_s_9768"
"9de911a1df422ae68f8c714831e96bb6","Bacteria","Proteobacteria","Alphaproteobacteria","Rhizobiales","Beijerinckiaceae","Bosea",NA
"b3e21e1b9ec6a305e5c1cbbcf41be562","Bacteria","Proteobacteria","Alphaproteobacteria","Ferrovibrionales","Ferrovibrionaceae","Ferrovibrio",NA
"92eb3aaf851c85ca10c485d834f9a860","Bacteria","Proteobacteria","Alphaproteobacteria","Azospirillales","Azospirillaceae","Azospirillum",NA
"007e91dd53347908b8a65d214e69d168","Bacteria","Proteobacteria","Alphaproteobacteria","Rhizobiales","Xanthobacteraceae","Xanthobacter",NA
"cd40c033464443faf37a213df1fe0140","Bacteria","Proteobacteria","Alphaproteobacteria","Rhizobiales","Pleomorphomonadaceae","Pleomorphomonas","Pleomorphomonas_oryzae"
"e2b49a5e9093e15e7d54518d40b074b4","Bacteria","Proteobacteria","Alphaproteobacteria","Sphingomonadales","Sphingomonadaceae","Sphingobium",NA
"d547b0971e77a1fdd912a1a4364d6f99","Bacteria","Firmicutes","Bacilli","Lactobacillales","Streptococcaceae","Streptococcus",NA
"5d6f52c5af2c5571277fccd209e7eaa8","Bacteria","Actinobacteriota","Thermoleophilia","Solirubrobacterales","Solirubrobacteraceae","Conexibacter",NA
"b856af24e6f6651e49fcaa7d3d42530e","Bacteria","Nitrospirota","Nitrospiria","Nitrospirales","Nitrospiraceae","Nitrospira",NA
"985fa218f5a103daa6592647aec7b221","Bacteria","Actinobacteriota","Actinobacteria","Corynebacteriales","Nocardiaceae","Gordonia",NA
"0ab228bc80eb3606e9116f8392f95a09","Bacteria","Actinobacteriota","Actinobacteria","Propionibacteriales","Propionibacteriaceae","Cutibacterium","midas_s_6640"
"4bfe6b87fa2dbc1ac8de89250155afcf","Bacteria","Chloroflexi","Chloroflexia","Thermomicrobiales","JG30-KF-CM45","midas_g_4042",NA
"7ca8aadc3a23a414052c2dc3fb40bb09","Bacteria","Cyanobacteria","Cyanobacteriia","Cyanobacteriales","Coleofasciculaceae","Wilmottia_Ant-Ph58","midas_s_12244"
"c403aa39b45b31785cbcbd470e636957","Bacteria","Cyanobacteria","Cyanobacteriia","Cyanobacteriales","Phormidiaceae","Tychonema_CCAP_1459-11B","midas_s_9748"
"2eaf30c1688fd40de6ef004c8330e3e2","Bacteria","Firmicutes","Bacilli","Staphylococcales","Staphylococcaceae","Staphylococcus",NA
"9a5cb03b01c5b5a6cfc45ba53fa5cc99","Bacteria","Firmicutes","Bacilli","Staphylococcales","Staphylococcaceae","Staphylococcus",NA
"3f5ff9610db3b37d435daa3aebd30d9a","Bacteria","Proteobacteria","Gammaproteobacteria","Pseudomonadales","Pseudomonadaceae","Pseudomonas",NA
"9918b403566154d7e5f3eb510a4c6e22","Bacteria","Proteobacteria","Gammaproteobacteria","Pseudomonadales","Pseudomonadaceae","Pseudomonas","midas_s_10115"
"2e4bdf621b921647b2774c2c3c2ddd87","Bacteria","Proteobacteria","Alphaproteobacteria","Azospirillales","Azospirillaceae","Azospirillum","midas_s_75446"
"3b935597a9f169c449e755d71abeeca0","Bacteria","Proteobacteria","Alphaproteobacteria","Rhizobiales","A0839","midas_g_694","midas_s_694"
"999395b29a0a818e72d15ca5caddc46d","Bacteria","Proteobacteria","Alphaproteobacteria","Caedibacterales","Caedibacteraceae","Ca_Nucleicultrix","midas_s_16408"
"749105ab10eb9ef4735ecfa8a58bb97f","Bacteria","Proteobacteria","Alphaproteobacteria","Acetobacterales","Acetobacteraceae","Roseomonas","Roseomonas_lacus"
"5cfb02dd2fbb9f5acad80be2dc1d4c4e","Bacteria","Proteobacteria","Alphaproteobacteria","Acetobacterales","Acetobacteraceae","midas_g_6090",NA
"b5beb0f2a8310fd64e92b72563d911a5","Bacteria","Proteobacteria","Gammaproteobacteria","Competibacterales","Competibacteraceae","Ca_Competibacter","midas_s_3219"
"fc9ae6f16bf4215683eef21956e0faa9","Bacteria","Proteobacteria","Gammaproteobacteria","Competibacterales","Competibacteraceae","Ca_Competibacter","midas_s_2882"
"6c68a9d3ab96c96764e6609774b693ca","Bacteria","Proteobacteria","Gammaproteobacteria","Competibacterales","Competibacteraceae","Ca_Competibacter","midas_s_247"
"9e0682e212284b9a2a91b06b004985a9","Bacteria","Proteobacteria","Gammaproteobacteria","Competibacterales","Competibacteraceae","Ca_Competibacter","midas_s_2295"
"b84cbc61bede0db9ff8ffc02a3704dfc","Bacteria","Proteobacteria","Gammaproteobacteria","Xanthomonadales","Rhodanobacteraceae","midas_g_2835",NA
"5d5d44264fdc69dc154357da8c98425e","Bacteria","Proteobacteria","Gammaproteobacteria","Xanthomonadales","Rhodanobacteraceae","midas_g_2835","midas_s_2835"
"7724c70c1199634d15b8109b50bdc949","Bacteria","Proteobacteria","Gammaproteobacteria","Xanthomonadales","Rhodanobacteraceae","midas_g_2835","midas_s_2835"
"ef5df0e91cb42c97b08e4c1362443576","Bacteria","Proteobacteria","Gammaproteobacteria","Competibacterales","Competibacteraceae","Ca_Competibacter","midas_s_1775"
"d83dcbc9e9d80cf4b7f14282a3affb70","Bacteria","Proteobacteria","Gammaproteobacteria","Competibacterales","Competibacteraceae","Ca_Contendobacter","midas_s_1952"
"2972bf9a713f2adce46323b066e7f117","Bacteria","Proteobacteria","Gammaproteobacteria","Competibacterales","Competibacteraceae","Ca_Competibacter","midas_s_198"
"1eed48541accdda35429f143ecceb681","Bacteria","Proteobacteria","Gammaproteobacteria","Competibacterales","Competibacteraceae","Ca_Competibacter",NA
"156b526dfcdce5e1b72f89c72b5e0f31","Bacteria","Proteobacteria","Gammaproteobacteria","Competibacterales","Competibacteraceae","Ca_Competibacter","midas_s_38019"
"98590d610d5e7a53d409a9fda1d6f614","Bacteria","Proteobacteria","Gammaproteobacteria","Competibacterales","Competibacteraceae","Ca_Competibacter","midas_s_22961"
"f8e041a95478902dc3833404bb312d47","Bacteria","Proteobacteria","Gammaproteobacteria","Competibacterales","Competibacteraceae","Ca_Competibacter","midas_s_1616"
"3eaf37399ce919af72076ce580ce3829","Bacteria","Proteobacteria","Gammaproteobacteria","Competibacterales","Competibacteraceae","Ca_Competibacter","midas_s_38208"
"15fb117eb97e9a6629ff04cf63b1dd22","Bacteria","Proteobacteria","Gammaproteobacteria","Competibacterales","Competibacteraceae","Ca_Competibacter","midas_s_2980"
"924b73524f6e561e334d062808a11ee5","Bacteria","Proteobacteria","Gammaproteobacteria","Competibacterales","Competibacteraceae","Ca_Competibacter","midas_s_10129"
"2babea4f785e0a3151b34245e79f87f6","Bacteria","Proteobacteria","Gammaproteobacteria","Pseudomonadales","Halieaceae","OM60NOR5_clade","midas_s_869"
"65874087b9e315af0c82db0a60983b93","Bacteria","Proteobacteria","Gammaproteobacteria","Legionellales","Legionellaceae","Legionella","midas_s_83947"
"09a13a1e3825dcaeda447cad5d23dfd2","Bacteria","Proteobacteria","Gammaproteobacteria","midas_o_26","midas_f_98","midas_g_268","midas_s_16980"
"9dc12536613b9f6074cdf2217f67ba81","Bacteria","Proteobacteria","Gammaproteobacteria","Thiotrichales","Thiotrichaceae","Thiothrix","midas_s_6986"
"670abd0e912874617779fd975a5f445e","Bacteria","Proteobacteria","Gammaproteobacteria","Thiotrichales","Thiotrichaceae","Thiothrix","Thiothrix_unzii"
"fbec7ec0567837393ef458cc240bd15c","Bacteria","Proteobacteria","Gammaproteobacteria","Thiotrichales","Thiotrichaceae","Thiothrix","midas_s_50625"
"c12731b1a15499377e1a37e16e41070f","Bacteria","Proteobacteria","Gammaproteobacteria","midas_o_147","midas_f_2362","Ca_Ovatusbacter","midas_s_25658"
"0ce59ae337f4e3ea1d1d701c4f78dd4e","Bacteria","Proteobacteria","Gammaproteobacteria","midas_o_147","midas_f_2362","Ca_Ovatusbacter","midas_s_12115"
"e50a5f7c3258e7c622f3e13765b85902","Bacteria","Proteobacteria","Gammaproteobacteria","midas_o_26","midas_f_98","Acidibacter","midas_s_2521"
"7b3ef226cab6df7658c04575797f6002","Bacteria","Proteobacteria","Gammaproteobacteria","midas_o_26","midas_f_98","Acidibacter","midas_s_2521"
"f7504a17e5005d9911fd5decf4ca62be","Bacteria","Proteobacteria","Gammaproteobacteria","Burkholderiales","Rhodocyclaceae","Azonexus","Azonexus_fungiphilus"
"4101068c2ef8871d8060a8ae5c1a7cd6","Bacteria","Proteobacteria","Gammaproteobacteria","Burkholderiales","Methylophilaceae","Methylotenera","midas_s_4250"
"ef696b7da18f877fd3e664256c37499f","Bacteria","Proteobacteria","Gammaproteobacteria","Burkholderiales","Gallionellaceae","Nitrotoga","midas_s_181"
"304c60158aede4fa5de00b448de41584","Bacteria","Proteobacteria","Gammaproteobacteria","Burkholderiales","Rhodocyclaceae","Zoogloea","midas_s_4434"
"35f3cd8256c1cf6ad1100ce90cf86a79","Bacteria","Proteobacteria","Gammaproteobacteria","Burkholderiales","Rhodocyclaceae","Thauera","midas_s_1356"
"9aa94c1972ef8f7120e9a2ac80c55663","Bacteria","Proteobacteria","Gammaproteobacteria","Burkholderiales","Rhodocyclaceae","Thauera","midas_s_1356"
"16693d628ef7f28a17bbf3c169fdb724","Bacteria","Proteobacteria","Gammaproteobacteria","Burkholderiales","Rhodocyclaceae","Thauera","midas_s_256"
"57bbd495540e0fb4d99be621d0a61b01","Bacteria","Proteobacteria","Gammaproteobacteria","Burkholderiales","Rhodocyclaceae","Thauera",NA
"01a140ab0abb98f10df7c8bb48fabbbf","Bacteria","Proteobacteria","Gammaproteobacteria","Burkholderiales","Rhodocyclaceae","Thauera",NA
"f52796a0f2601946253196bc411f98fb","Bacteria","Proteobacteria","Gammaproteobacteria","Burkholderiales","Rhodocyclaceae","Thauera","Thauera_terpenica"
"d1b2c5425e4a6b8dd023c584f76f26c6","Bacteria","Proteobacteria","Gammaproteobacteria","Burkholderiales","Rhodocyclaceae","Propionivibrio","Ca_Propionivibrio_aalborgensis"
"9ed1ff21c1b4b5f85f22698f96bb7a9a","Bacteria","Proteobacteria","Gammaproteobacteria","Burkholderiales","Rhodocyclaceae","Dechloromonas","midas_s_2534"
"9b735dcbd962ce399eb4605fce892656","Bacteria","Proteobacteria","Gammaproteobacteria","Burkholderiales","Rhodocyclaceae","Dechloromonas","Ca_Dechloromonas_phosphoritropha"
"0d4f0788997e8cdec7e537b9d776a753","Bacteria","Proteobacteria","Gammaproteobacteria","Burkholderiales","Rhodocyclaceae","Dechloromonas","midas_s_10084"
"0c98dd42bb5c31a1f588856f17c1e97e","Bacteria","Proteobacteria","Gammaproteobacteria","Burkholderiales","Rhodocyclaceae","midas_g_94","midas_s_12562"
"8f3bbbc6f1c21e36f03525e847c1e8b8","Bacteria","Proteobacteria","Gammaproteobacteria","Burkholderiales","Rhodocyclaceae","Dechloromonas",NA
"c4ee83012d1f8ef096b1eb2b4ca7c36c","Bacteria","Proteobacteria","Gammaproteobacteria","Burkholderiales","Rhodocyclaceae","Dechloromonas",NA
"122cb737208eb236d9174746c4c162eb","Bacteria","Proteobacteria","Gammaproteobacteria","Burkholderiales","Rhodocyclaceae","Dechloromonas",NA
"4fdf5d1ded01d6e3490f57368cd9fb8e","Bacteria","Proteobacteria","Gammaproteobacteria","Burkholderiales","Rhodocyclaceae","Dechloromonas",NA
"ace77d86eb15c5fa60fe3e07df286f3a","Bacteria","Proteobacteria","Gammaproteobacteria","Burkholderiales","Rhodocyclaceae","Ca_Accumulibacter","midas_s_12920"
"a8fd5f1e2ef256c372736143abd33f39","Bacteria","Proteobacteria","Gammaproteobacteria","Burkholderiales","Rhodocyclaceae","Ca_Accumulibacter","Ca_Accumulibacter_aalborgensis"
"0cedc39d5b17a03dfe09cdf38e1bbe8f","Bacteria","Proteobacteria","Gammaproteobacteria","Burkholderiales","Rhodocyclaceae","Ca_Accumulibacter","Ca_Accumulibacter_phosphatis"
"17b41211e90cee79ba9719858042a38b","Bacteria","Proteobacteria","Gammaproteobacteria","Burkholderiales","Rhodocyclaceae","Ca_Accumulibacter",NA
"5c2b14ac05d78375f5703d8de7dcaaf6","Bacteria","Proteobacteria","Gammaproteobacteria","Burkholderiales","Rhodocyclaceae","Ca_Accumulibacter",NA
"df6f5a0a9a4cf16f151f5ad190771ba5","Bacteria","Proteobacteria","Gammaproteobacteria","Burkholderiales","Rhodocyclaceae","Ca_Accumulibacter","Ca_Accumulibacter_aalborgensis"
"18fa9331f4965fa42ab538446a47c0b7","Bacteria","Proteobacteria","Gammaproteobacteria","Burkholderiales","Rhodocyclaceae","Ca_Accumulibacter","midas_s_315"
"b564056b7626234cdc6a963b07993491","Bacteria","Proteobacteria","Gammaproteobacteria","Burkholderiales","Rhodocyclaceae","Azospira","Azospira_oryzae"
"808552efb9320fc74afe237376e0e33a","Bacteria","Proteobacteria","Gammaproteobacteria","Burkholderiales","SC-I-84","midas_g_1341",NA
"8020fff4ea662fe9ce8a92e6a54241be","Bacteria","Proteobacteria","Gammaproteobacteria","Burkholderiales","Nitrosomonadaceae","Nitrosomonas","midas_s_139"
"58ad23c4311535a4a5ce8ae282c78c47","Bacteria","Proteobacteria","Gammaproteobacteria","Burkholderiales","Nitrosomonadaceae","Ellin6067","midas_s_284"
"5fdf44e79f520dc6e7e08fbedb3ca2c6","Bacteria","Proteobacteria","Gammaproteobacteria","Burkholderiales","Sutterellaceae","AAP99",NA
"7807fafbee94f63906dc18ddd6c47aaf","Bacteria","Proteobacteria","Gammaproteobacteria","Burkholderiales","Sutterellaceae","AAP99",NA
"32b11b738d50e9f751acc278ef1955a0","Bacteria","Proteobacteria","Gammaproteobacteria","Burkholderiales","Rhodocyclaceae","Zoogloea",NA
"c3386ed06ce883201268f331d394d8ff","Bacteria","Proteobacteria","Gammaproteobacteria","Burkholderiales","Rhodocyclaceae","Zoogloea",NA
"42be591d2dbc5134369e9b2566499f8a","Bacteria","Proteobacteria","Gammaproteobacteria","Burkholderiales","Rhodocyclaceae","Zoogloea",NA
"0cff6dc924f0e48840a059133401f684","Bacteria","Proteobacteria","Gammaproteobacteria","Burkholderiales","Rhodocyclaceae","Zoogloea",NA
"2cb71aa7d5df26881417891dfd1d4d13","Bacteria","Proteobacteria","Gammaproteobacteria","Burkholderiales","Rhodocyclaceae","Zoogloea","midas_s_4920"
"9b707b45a37e6cbf6a42c73831c90094","Bacteria","Proteobacteria","Gammaproteobacteria","Burkholderiales","Comamonadaceae","Hydrogenophaga",NA
"12a77e3e5dbae4de3baab4767b502bef","Bacteria","Proteobacteria","Gammaproteobacteria","Burkholderiales","Comamonadaceae","Acidovorax","midas_s_1484"
"96901cda4f58747f7911bf654c636afc","Bacteria","Proteobacteria","Gammaproteobacteria","Burkholderiales","Comamonadaceae","Simplicispira",NA
"28c8e640f207f0646abb1fbf31d2cd41","Bacteria","Proteobacteria","Gammaproteobacteria","Burkholderiales","Comamonadaceae","midas_g_81","midas_s_55091"
"b5e4762860983212777797ec0fdcd25b","Bacteria","Proteobacteria","Gammaproteobacteria","Burkholderiales","Comamonadaceae","Pelomonas","midas_s_23236"
"90f45dc794c6ab627002462b6edabff8","Bacteria","Proteobacteria","Gammaproteobacteria","Burkholderiales","Comamonadaceae","Paucibacter","midas_s_35491"
"ce490d3d108878f8a773fd8df4f252f3","Bacteria","Proteobacteria","Gammaproteobacteria","Burkholderiales","Burkholderiaceae","Lautropia","midas_s_135"
"6d158642c0cb83dc4ec707a5853c5f26","Bacteria","Proteobacteria","Gammaproteobacteria","Burkholderiales","Rhodocyclaceae","Sulfuritalea","midas_s_1127"
"3807d5904b2326370da68b9d8b6bcfdd","Bacteria","Proteobacteria","Gammaproteobacteria","Burkholderiales","Rhodocyclaceae","Sulfuritalea","midas_s_6500"
"045e87d191e92c6b15ff66348bbd2cdf","Bacteria","Proteobacteria","Gammaproteobacteria","Burkholderiales","Rhodocyclaceae","Sulfuritalea","Sulfuritalea_hydrogenivorans"
"5d08839a57a12466882fa2dae776fa50","Bacteria","Proteobacteria","Gammaproteobacteria","Burkholderiales","Comamonadaceae","Rhodoferax",NA
"d2ead9d348e2567c2d460de5bbe7c49a","Bacteria","Proteobacteria","Gammaproteobacteria","Burkholderiales","Comamonadaceae","Piscinibacter",NA
"826977c11f135fa42f35f6622280b4fc","Bacteria","Proteobacteria","Gammaproteobacteria","Burkholderiales","Comamonadaceae","Rhizobacter","midas_s_3266"
"dcb900d53cab31f7320ad09d4169460c","Bacteria","Proteobacteria","Gammaproteobacteria","Burkholderiales","Comamonadaceae","midas_g_81",NA
"86446a282e3eba3242d4ad07561e01d6","Bacteria","Proteobacteria","Gammaproteobacteria","Burkholderiales","Comamonadaceae","Leptothrix","midas_s_884"
"8871ab8a94e069cc43132d14d554d20f","Bacteria","Proteobacteria","Gammaproteobacteria","Burkholderiales","Rhodocyclaceae","Zoogloea","midas_s_27884"
"a4cc927136ca1a65ee534b427a380df9","Bacteria","Proteobacteria","Gammaproteobacteria","Burkholderiales","Chromobacteriaceae","Vogesella","Vogesella_perlucida"
"9fb6bd5c1c4b19dad9bf5c3352d54714","Bacteria","Proteobacteria","Gammaproteobacteria","Xanthomonadales","Xanthomonadaceae","Arenimonas","Arenimonas_subflava"
"bd001a1feb59f8b8ec24f4717831254b","Bacteria","Proteobacteria","Gammaproteobacteria","Xanthomonadales","Xanthomonadaceae","Lysobacter","midas_s_22680"
"9fccfacc7da674567825a0eef6d39b37","Bacteria","Proteobacteria","Gammaproteobacteria","Xanthomonadales","Xanthomonadaceae","Thermomonas",NA
"ae88bef43da044fe714a8c94e5ecd972","Bacteria","Proteobacteria","Gammaproteobacteria","Xanthomonadales","Xanthomonadaceae","Thermomonas",NA
"9f037addadafd7637399d929aea46e31","Bacteria","Proteobacteria","Gammaproteobacteria","Xanthomonadales","Xanthomonadaceae","Pseudoxanthomonas","midas_s_22181"
"4aa774ab0e61ce23d0ef9007f567e2f3","Bacteria","Proteobacteria","Gammaproteobacteria","Xanthomonadales","Xanthomonadaceae","Pseudoxanthomonas","midas_s_22181"
"796bce4d9321ad3ee792d4f1c249cf96","Bacteria","Proteobacteria","Gammaproteobacteria","Xanthomonadales","Rhodanobacteraceae","Dokdonella","midas_s_1282"
"0c5b88783c15b1b6b827b83a16da6391","Bacteria","Proteobacteria","Gammaproteobacteria","Xanthomonadales","Rhodanobacteraceae","Aquimonas","midas_s_1475"
"be932c8a8cbd6987134b91c30a72a499","Bacteria","Proteobacteria","Gammaproteobacteria","Diplorickettsiales","Diplorickettsiaceae","midas_g_34763","midas_s_54684"
"70ac70fac5125c0ceb32a7baa26a9b8b","Bacteria","Proteobacteria","Gammaproteobacteria","Pseudomonadales","Moraxellaceae","Acinetobacter",NA
"5e6bc14f8d8e9a07a6457844de1455e8","Bacteria","Proteobacteria","Gammaproteobacteria","Pseudomonadales","Moraxellaceae","Acinetobacter","Acinetobacter_bohemicus"
"fe659b886c0cf1734d8fadb790d01e69","Bacteria","Proteobacteria","Gammaproteobacteria","Pseudomonadales","Pseudomonadaceae","Pseudomonas","midas_s_1934"
"7e4577cf0d330c12ed14773d01b854fb","Bacteria","Proteobacteria","Gammaproteobacteria","Pseudomonadales","Pseudomonadaceae","Pseudomonas",NA
"9e0987ce771386c589ce06e2b728e0f5","Bacteria","Proteobacteria","Gammaproteobacteria","Pseudomonadales","Pseudomonadaceae","Pseudomonas",NA
"939fded1df81ef71f54df80163050041","Bacteria","Proteobacteria","Gammaproteobacteria","Enterobacterales","Aeromonadaceae","Aeromonas",NA
"9f6ea8d38e35694736bcd64ad4bd7650","Bacteria","Proteobacteria","Gammaproteobacteria","Enterobacterales","Aeromonadaceae","Aeromonas",NA
"747b0a84208c58dcc2329c9991d01d86","Bacteria","Proteobacteria","Gammaproteobacteria","Enterobacterales","Aeromonadaceae","Aeromonas",NA
"598a15ca90fbda83c02aeba7ddd074e1","Bacteria","Proteobacteria","Gammaproteobacteria","Enterobacterales","Alteromonadaceae","Rheinheimera",NA
"a911956e99094baa4e7475636b52ad89","Bacteria","Proteobacteria","Gammaproteobacteria","Enterobacterales","Alteromonadaceae","Rheinheimera",NA
"d99f60dbf0cd19bb2234c6cf7675f09f","Bacteria","Proteobacteria","Gammaproteobacteria","Competibacterales","Competibacteraceae","Plasticicumulans","midas_s_11214"
"3665e32ef2d165a3f9a55001bddf55e2","Bacteria","Proteobacteria","Gammaproteobacteria","Competibacterales","Competibacteraceae","Plasticicumulans",NA
"c2a6456c1ebef160f38a3dd450b6b243","Bacteria","Desulfobacterota","Syntrophia","Syntrophales","midas_f_134","midas_g_134","midas_s_1266"
"0eb77e8ffa546bffed6e7abf7421b503","Bacteria","Desulfobacterota","Desulfovibrionia","Desulfovibrionales","Desulfomicrobiaceae","Desulfomicrobium","midas_s_21122"
"06d3dfa602d35f2d205b47b11f638063","Bacteria","Desulfobacterota","Desulfovibrionia","Desulfovibrionales","Desulfomicrobiaceae","Desulfomicrobium","midas_s_40944"
"2c78cb019dcf2492d9544712336d4834","Bacteria","Desulfobacterota","Desulfuromonadia","Bradymonadales","midas_f_32820","midas_g_32820","midas_s_32820"
"77fd6d45ac5910e32bc0fa142a991f0e","Bacteria","Acidobacteriota","Acidobacteriae","Paludibaculum","midas_f_675","midas_g_675","midas_s_675"
"8f62e31e9f3baa413a911bf897b34273","Bacteria","Acidobacteriota","Acidobacteriae","Bryobacterales","Bryobacteraceae","Bryobacter","midas_s_3298"
"35c14489e9114b09fe91bb377887d98a","Bacteria","Myxococcota","Myxococcia","Myxococcales","Myxococcaceae","P3OB-42","midas_s_19671"
"1c8521bf6adf1c50c69298e89bef6594","Bacteria","Myxococcota","Myxococcia","Myxococcales","Myxococcaceae","P3OB-42","midas_s_4524"
"6f388ea914f6a69da6bcd60608f95291","Bacteria","Myxococcota","Polyangia","mle1-27","midas_f_990","midas_g_3374","midas_s_3374"
"b3bb357f3db9d26105f2d8aeb0abd56f","Bacteria","Myxococcota","Polyangia","Polyangiales","Polyangiaceae","midas_g_2555","midas_s_7044"
"7e1cb65197676134b9447cc3dba7b992","Bacteria","Myxococcota","Polyangia","mle1-27","midas_f_990","midas_g_3704","midas_s_3704"
"d9dd7f1b0724ab211d7a5fc05c5ae019","Bacteria","Myxococcota","Polyangia","mle1-27","midas_f_990","midas_g_28406","midas_s_65020"
"98d04d303a6e5114ef58332c06fb3b3c","Bacteria","Myxococcota","Polyangia","mle1-27","midas_f_990","midas_g_5210","midas_s_9509"
"98d8ccd8f9d4b64ec86e8f1d1cecba54","Bacteria","Myxococcota","Polyangia","Polyangiales","Polyangiaceae","Pajaroellobacter","midas_s_11763"
"e56fdaf6cf0146d49739c31a47129972","Bacteria","Myxococcota","Polyangia","Polyangiales","Sandaracinaceae","midas_g_4851","midas_s_11858"
"aaad3914f6d271abd6a08ac9c0b1a46f","Bacteria","Myxococcota","Polyangia","Haliangiales","Haliangiaceae","Haliangium","midas_s_2203"
"7a28c0e843b6202dd63289332a0f724e","Bacteria","Myxococcota","Polyangia","Haliangiales","Haliangiaceae","Haliangium","midas_s_5294"
"71ccef1667d28fed9ac483fa952c8f40","Bacteria","Myxococcota","Polyangia","Polyangiales","Polyangiaceae","Pajaroellobacter","midas_s_12819"
"4489f9c90e92d691b3bce95f43fd152a","Bacteria","Bdellovibrionota","Bdellovibrionia","Bacteriovoracales","Bacteriovoracaceae","Bacteriovorax",NA
"a04b26eb14feff034401e8508292f6cf","Bacteria","Dependentiae","Babeliae","Babeliales","midas_f_75791","midas_g_82848","midas_s_82848"
"eb9d72bf1be387ad010f52a9724c0a3f","Bacteria","Dependentiae","Babeliae","Babeliales","UBA12409","midas_g_25753","midas_s_25753"
"365aabc2be8b105696cc49fd13385d65","Bacteria","Bdellovibrionota","Oligoflexia","0319-6G20","midas_f_9443","midas_g_31955","midas_s_31955"
"decb2eb4ffce151d4efd8185fbd222b0","Bacteria","Firmicutes","Bacilli","Lactobacillales","Streptococcaceae","Lactococcus","Lactococcus_chungangensis"
"71c8432c07828ea0d852eb5702c74607","Bacteria","Bdellovibrionota","Bdellovibrionia","Bdellovibrionales","Bdellovibrionaceae","Bdellovibrio","midas_s_66493"
"a4ac8bc0a9ffdb542ddb30283f9f3cad","Bacteria","Bdellovibrionota","Bdellovibrionia","Bdellovibrionales","Bdellovibrionaceae","midas_g_33317","midas_s_33317"
"66b78bec4d2ac43b7b2d224cb0c74055","Bacteria","Bdellovibrionota","Bdellovibrionia","Bdellovibrionales","Bdellovibrionaceae","Bdellovibrio","midas_s_8914"
"65336ecb2b4babc3b43b9781194caeca","Bacteria","Bdellovibrionota","Bdellovibrionia","Bdellovibrionales","Bdellovibrionaceae","Bdellovibrio","midas_s_8603"
"c96b0c1cf13fc12ba34a0bab9b8854d2","Bacteria","Bdellovibrionota","Bdellovibrionia","Bdellovibrionales","Bdellovibrionaceae","Bdellovibrio","midas_s_36025"
"00131c912df1e6f743171daa5cfdbfff","Bacteria","Bdellovibrionota","Bdellovibrionia","Bdellovibrionales","Bdellovibrionaceae","Bdellovibrio","midas_s_38670"
"c65dba173897ba14f02e04e1d3bbdc1d","Bacteria","Cyanobacteria","Sericytochromatia","midas_o_1421","midas_f_1421","midas_g_4777","midas_s_29505"
"600b6a09dc5317f9e7eb409d99f959ca","Bacteria","Campylobacterota","Campylobacteria","Campylobacterales","Arcobacteraceae","Pseudarcobacter","midas_s_1505"
"ef03771168f5309f572174c4976b61d9","Bacteria","Campylobacterota","Campylobacteria","Campylobacterales","Arcobacteraceae","Pseudarcobacter","midas_s_1505"
"f56a7e99992a30b5b3ca13cd6548d693","Bacteria","Proteobacteria","Alphaproteobacteria","Rickettsiales","Mitochondria","midas_g_71633","midas_s_71633"
"700ee73b09971eaa165bcb48df8adfd2","Bacteria","Proteobacteria","Alphaproteobacteria","Rickettsiales","midas_f_40724","midas_g_40724","midas_s_49127"
"410a199baf81a76c24bb024a86b74052","Bacteria","Proteobacteria","Alphaproteobacteria","Rickettsiales","midas_f_40724","midas_g_40724","midas_s_49127"
"33a5a9d9dc0939cb52f156f9095d4754","Bacteria","Proteobacteria","Alphaproteobacteria","Rickettsiales","Mitochondria","Pythium_ultimum","midas_s_10484"
"3a64eab42d0d8b5d4b0194a09c18cb5b","Bacteria","midas_p_38457","midas_c_38457","midas_o_38457","midas_f_38457","midas_g_38457","midas_s_38457"
"2a0b83d31c34aa1d125de544f1da4c16","Bacteria","Bacteroidota","Kapabacteria","Kapabacteriales","midas_f_15976","midas_g_15976","midas_s_31288"
"a53f052c90138bc9e053b3116297e2fc","Bacteria","Bacteroidota","Kapabacteria","Kapabacteriales","midas_f_428","midas_g_8571","midas_s_8571"
"e08feea8ca6b8e526771545c77fdca54","Bacteria","Bacteroidota","Kapabacteria","Kapabacteriales","midas_f_428","midas_g_2143","midas_s_2143"
"6868cf518411c88736e3143cddbb71c6","Bacteria","Bacteroidota","Kapabacteria","Kapabacteriales","midas_f_428","midas_g_9818","midas_s_9818"
"7aebb1cb05aab48a6ad389cc4277d796","Bacteria","Bacteroidota","Kapabacteria","Kapabacteriales","midas_f_428","midas_g_9818","midas_s_9818"
"a956986921658c49782225dbb3d97ea7","Bacteria","Bacteroidota","Ignavibacteria","SJA-28","midas_f_31","midas_g_1955","midas_s_1955"
"fb50451316ea65f7c0f901e183e453dd","Bacteria","Bacteroidota","Ignavibacteria","SJA-28","midas_f_31","midas_g_171","midas_s_798"
"b93d1bc9f526c0fd5e4a55cd68b9c082","Bacteria","Bacteroidota","Ignavibacteria","SJA-28","midas_f_31","midas_g_171","midas_s_798"
"878d49467a407873198b17dc62d05c75","Bacteria","Bacteroidota","Ignavibacteria","SJA-28","midas_f_31","midas_g_171","midas_s_798"
"06eb677d69efe6820f15e9b53cf8e340","Bacteria","Bacteroidota","Ignavibacteria","SJA-28","midas_f_31","midas_g_171",NA
"f782fd661dafb9c325f17a9ae802a9e0","Bacteria","Bacteroidota","Kryptonia","Kryptoniales","BSV26","midas_g_12186","midas_s_23689"
"7c035dc1701c114e01dd24895c657f36","Bacteria","Bacteroidota","Ignavibacteria","Ignavibacteriales","PHOS-HE36","midas_g_179",NA
"b303bb7801408a80050b9ceda71e7821","Bacteria","Bacteroidota","Ignavibacteria","Ignavibacteriales","Ignavibacteriaceae","Ignavibacterium","midas_s_1940"
"f70517d8eb04982663fba3779f4b7158","Bacteria","Bacteroidota","Ignavibacteria","Ignavibacteriales","LD-RB-34","midas_g_33416","midas_s_33416"
"d404bb81c1c2b8b96c5f3236c3ce58cc","Bacteria","WPS-2","midas_c_206","midas_o_395","midas_f_547","midas_g_547","midas_s_1718"
"fc06bbcd64c7fc8c20db7e445c8882b9","Bacteria","WPS-2","midas_c_206","midas_o_395","midas_f_547","midas_g_1194","midas_s_1327"
"e18b38b5cea301ea4f60853643a0cde5","Bacteria","WPS-2","midas_c_206","midas_o_395","midas_f_547","midas_g_547","midas_s_19937"
"8503aa57ea84fc4aa8f4c4f98f30e753","Bacteria","Chloroflexi","Anaerolineae","Anaerolineales","Anaerolineaceae","Ca_Villigracilis","midas_s_9223"
"c5ae6336d4c23a7733ad54d88073739d","Bacteria","Chloroflexi","Anaerolineae","Anaerolineales","Anaerolineaceae","Ca_Villigracilis","midas_s_6664"
"71c1232bb8ede92e80ebeb795d2dc7a8","Bacteria","Chloroflexi","Anaerolineae","Anaerolineales","Anaerolineaceae","Ca_Villigracilis","midas_s_471"
"442e31d91e1bc95e2e15cc88816fb44f","Bacteria","Chloroflexi","Anaerolineae","Anaerolineales","Anaerolineaceae","midas_g_156","midas_s_876"
"6d47dfc7641d9b9bff9a4b11a4583f37","Bacteria","Chloroflexi","Anaerolineae","Anaerolineales","Anaerolineaceae","midas_g_7694","midas_s_7694"
"76f5d304f7f5b639868b72b8618e49c2","Bacteria","Bacteroidota","Bacteroidia","SM1A07","midas_f_37935","midas_g_48622","midas_s_50882"
"dd64104570c3570597cb7c690ad42542","Bacteria","Patescibacteria","Gracilibacteria","Absconditabacteriales_SR1","midas_f_10554","midas_g_10554","midas_s_13961"
"727a10b1d65b32be7368304b2c66b9a8","Bacteria","Patescibacteria","Gracilibacteria","Absconditabacteriales_SR1","midas_f_15752","midas_g_30321","midas_s_30321"
"6d314fdec508946349acf7518a60e0b4","Bacteria","Patescibacteria","Gracilibacteria","Absconditabacteriales_SR1","midas_f_10951","midas_g_10951",NA
"c40ee584c70a63201b6ad34c1c9f34c9","Bacteria","Acidobacteriota","Vicinamibacteria","Vicinamibacterales","Vicinamibacteraceae","Luteitalea","midas_s_3198"
"0bbbd3d39cd43be74b16a51a3455a37b","Bacteria","Acidobacteriota","Holophagae","Holophagales","Holophagaceae","midas_g_201",NA
"81110c008ed43be688c3e66780fa4499","Bacteria","Patescibacteria","Saccharimonadia","Saccharimonadales","midas_f_6368","midas_g_8390","midas_s_27801"
"94a75798e04f1d25b214ac6f8e6825d3","Bacteria","Patescibacteria","Saccharimonadia","Saccharimonadales","midas_f_728","midas_g_11367","midas_s_11367"
"dbf7680d4892303e8dacc89dae304b7f","Bacteria","Bacteroidota","Bacteroidia","Cytophagales","Microscillaceae","midas_g_6116","midas_s_6414"
"4d37a952a2785f28d23aa476bd590959","Bacteria","Spirochaetota","Spirochaetia","Spirochaetales","Spirochaetaceae","midas_g_6585","midas_s_6585"
"e1f64bbc794121f71a7219258e0f06f1","Bacteria","Spirochaetota","Spirochaetia","Spirochaetales","Spirochaetaceae","midas_g_73010","midas_s_73010"
"a8451326d5be8df6408f21c563eaa57d","Bacteria","Spirochaetota","Spirochaetia","Spirochaetales","Spirochaetaceae","midas_g_6164","midas_s_6164"
"6323007ce1e1fabd935675d0b475a890","Bacteria","Firmicutes","Clostridia","Lachnospirales","Lachnospiraceae","Shuttleworthia","midas_s_1635"
"6e117a5ef95b0a30c89d7e1eb6380a25","Bacteria","Hydrogenedentes","Hydrogenedentia","Hydrogenedentiales","Hydrogenedensaceae","midas_g_1166","midas_s_1166"
"b66212153e278e16e8febb3526311322","Bacteria","Hydrogenedentes","Hydrogenedentia","Hydrogenedentiales","Hydrogenedensaceae","midas_g_1166","midas_s_5018"
"7e4c9fea572238a8a77dd6aefc2082e6","Bacteria","Hydrogenedentes","Hydrogenedentia","Hydrogenedentiales","Hydrogenedensaceae","midas_g_1166","midas_s_4102"
"03859b62c3e9b86602d8171c37c558e8","Bacteria","Bacteroidota","Bacteroidia","Chitinophagales","midas_f_536","midas_g_536",NA
"7d46f1c2a461a299000c13200a63c038","Bacteria","Bacteroidota","Bacteroidia","Bacteroidales","Williamwhitmaniaceae","Blvii28_wastewater-sludge_group","midas_s_38054"
"4a43ea0cf44cb16cb98a5b03acc84d5c","Bacteria","Bacteroidota","Bacteroidia","Bacteroidales","Williamwhitmaniaceae","Williamwhitmania","midas_s_80204"
"c26114a1a381029fecec026f094e87b2","Bacteria","Bacteroidota","Bacteroidia","Cytophagales","Spirosomaceae","midas_g_1498","midas_s_2561"
"7a3a4eb93b6cb0bff0316e5c43f26d4d","Bacteria","Bacteroidota","Bacteroidia","Cytophagales","Spirosomaceae","Runella",NA
"d4130030c428a9fadaaba203a3b56aff","Bacteria","Bacteroidota","Bacteroidia","Cytophagales","Spirosomaceae","Runella",NA
"c103e7bb46f0828bd621b6cba99d1255","Bacteria","Bacteroidota","Bacteroidia","Cytophagales","Spirosomaceae","Runella",NA
"7b4817213d742a19fd839d6e45a0b0e3","Bacteria","Bacteroidota","Bacteroidia","Cytophagales","Spirosomaceae","Runella",NA
"fbc7a5b7c192819542fbd44d9736c011","Bacteria","Bacteroidota","Bacteroidia","Cytophagales","Spirosomaceae","Runella",NA
"3b77cbbfaeede1fad07d1dba5b4fcfc7","Bacteria","Bacteroidota","Bacteroidia","Cytophagales","Spirosomaceae","Runella","Runella_zeae"
"8281bcb87dd8eb496b73b677d80315da","Bacteria","Bacteroidota","Bacteroidia","Flavobacteriales","Flavobacteriaceae","Flavobacterium","Flavobacterium_dankookense"
"bc4f1e3d89f395b6923cf3d50b7f181d","Bacteria","Bacteroidota","Bacteroidia","Flavobacteriales","Flavobacteriaceae","Flavobacterium","midas_s_9697"
"7c84fd5e54ee996fb4024d72b9743f03","Bacteria","Bacteroidota","Bacteroidia","Flavobacteriales","Flavobacteriaceae","Flavobacterium",NA
"b85113832f1bf69085b7097e7ada2edf","Bacteria","Bacteroidota","Bacteroidia","Flavobacteriales","Flavobacteriaceae","Flavobacterium",NA
"eef7e53298144c054690cb7a2faf861e","Bacteria","Bacteroidota","Bacteroidia","Flavobacteriales","Flavobacteriaceae","Flavobacterium","Flavobacterium_succinicans"
"8eb3eb94bc90bc4cf23864d36fdac060","Bacteria","Bacteroidota","Bacteroidia","Flavobacteriales","Flavobacteriaceae","Flavobacterium","Flavobacterium_succinicans"
"6dbedbc69f191b1daf92a1e0e793b1c5","Bacteria","Bacteroidota","Bacteroidia","Flavobacteriales","Flavobacteriaceae","Flavobacterium","midas_s_4718"
"7dfa5bba4eab9fd2fad05ed32af3bd9c","Bacteria","Bacteroidota","Bacteroidia","Flavobacteriales","Flavobacteriaceae","Flavobacterium","midas_s_4718"
"bb0e9f8e5a0a254b1f69d920f46edef8","Bacteria","Bacteroidota","Bacteroidia","Flavobacteriales","Flavobacteriaceae","Flavobacterium","midas_s_44774"
"74ef6b26147f0ae1c73f1eed89aa2490","Bacteria","Bacteroidota","Bacteroidia","Flavobacteriales","Flavobacteriaceae","Flavobacterium",NA
"471bfb24d495f2d8f6ec3bb4d775b464","Bacteria","Bacteroidota","Bacteroidia","Flavobacteriales","Flavobacteriaceae","Flavobacterium","midas_s_3382"
"641251d277d76cbeef2bcb2d837a04e7","Bacteria","Bacteroidota","Bacteroidia","Sphingobacteriales","env.OPS_17","midas_g_3813","midas_s_11594"
"ed2af8fd30d93f60e89e2c69629b07a9","Bacteria","Bacteroidota","Bacteroidia","Flavobacteriales","NS9_marine_group","midas_g_225",NA
"7a79bfda26ad13b374d44d1ebdb2000c","Bacteria","Bacteroidota","Bacteroidia","Flavobacteriales","NS9_marine_group","midas_g_225","midas_s_4255"
"d3d1c1adf809ed42a1667d06e036aa92","Bacteria","Bacteroidota","Bacteroidia","Flavobacteriales","NS9_marine_group","midas_g_225","midas_s_1225"
"e0e01fe7347615d2c39dc3f06467c00e","Bacteria","Bacteroidota","Bacteroidia","Flavobacteriales","NS9_marine_group","midas_g_385","midas_s_1233"
"dd3e151885a6c12208a03a554d311996","Bacteria","Bacteroidota","Bacteroidia","Flavobacteriales","NS9_marine_group","midas_g_434","midas_s_3278"
"e5fed2615d6e827c4053f28918d5ba50","Bacteria","Bacteroidota","Bacteroidia","Sphingobacteriales","env.OPS_17","midas_g_12057","midas_s_34979"
"e7393ee578fc21dbb8e5174701e42369","Bacteria","Bacteroidota","Bacteroidia","Sphingobacteriales","env.OPS_17","midas_g_2243","midas_s_2243"
"c6dfe896b72e63770b1b0f62c2c0f2cf","Bacteria","Bacteroidota","Bacteroidia","Bacteroidales","SB-5","midas_g_4479",NA
"2a9747ceffb63ea2c7293679463dcfa4","Bacteria","Bacteroidota","Bacteroidia","Sphingobacteriales","LiUU-11-161","midas_g_7606","midas_s_11849"
"810ac584c7a5bbd854a2ba7b5d872f6f","Bacteria","Bacteroidota","Bacteroidia","Sphingobacteriales","Lentimicrobiaceae","midas_g_1061",NA
"00f7d8a6c707db29ca4f34d0b7032436","Bacteria","Bacteroidota","Bacteroidia","Sphingobacteriales","Lentimicrobiaceae","Lentimicrobium","midas_s_362"
"10a05357e596d7a89eb21f2a370f47e5","Bacteria","Bacteroidota","Bacteroidia","Sphingobacteriales","AKYH767","midas_g_283","midas_s_283"
"09186099a98651afeff5531bc79e9bd4","Bacteria","Bacteroidota","Bacteroidia","Sphingobacteriales","AKYH767","midas_g_300",NA
"bdf5fb1417a1d867ae9d69168bc98e42","Bacteria","Bacteroidota","Bacteroidia","Sphingobacteriales","AKYH767","midas_g_1363","midas_s_57713"
"b2f9616c30a5f34473c8d96645d94432","Bacteria","Bacteroidota","Bacteroidia","Sphingobacteriales","AKYH767","midas_g_1363",NA
"e42bede2b541aae9cac8756ad295c23d","Bacteria","Bacteroidota","Bacteroidia","Flavobacteriales","Weeksellaceae","Cloacibacterium",NA
"5cc3d3eeddaaeb68f42ce3f30ccd60e2","Bacteria","Bacteroidota","Bacteroidia","Flavobacteriales","Weeksellaceae","Cloacibacterium",NA
"63281e032c1d313a5938b433a684c176","Bacteria","Bacteroidota","Bacteroidia","Flavobacteriales","Weeksellaceae","Cloacibacterium",NA
"c9ed712f8090624cac3bf200b5f706ce","Bacteria","Bacteroidota","Bacteroidia","Flavobacteriales","Weeksellaceae","Cloacibacterium","midas_s_22032"
"62ed9f2fd11a83e13a477fa773d50f87","Bacteria","Bacteroidota","Bacteroidia","Flavobacteriales","Weeksellaceae","Cloacibacterium",NA
"1f919f88100ad5a39d95afa0128702ae","Bacteria","Bacteroidota","Bacteroidia","Sphingobacteriales","NS11-12_marine_group","midas_g_10909","midas_s_10909"
"f87653dca371c47325ff53fe5645cd7b","Bacteria","Bacteroidota","Bacteroidia","Cytophagales","Microscillaceae","Hassallia","midas_s_10463"
"3a7856dc8d164adaa52e864e47e603dd","Bacteria","Bacteroidota","Bacteroidia","Cytophagales","Microscillaceae","OLB12","midas_s_1430"
"5a205719708f52ec1d92afa9645d878c","Bacteria","Bacteroidota","Bacteroidia","Cytophagales","Microscillaceae","OLB12","midas_s_10574"
"f56b19a613b5253404c54fd26ad41881","Bacteria","Bacteroidota","Bacteroidia","Chitinophagales","Chitinophagaceae","Sediminibacterium","midas_s_9628"
"f0aa84c57bc56683d62beeb07a9a86e2","Bacteria","Bacteroidota","Bacteroidia","Chitinophagales","Chitinophagaceae","midas_g_25393","midas_s_25787"
"5ed9cab359fcc6eab733f9f16a8c103f","Bacteria","Bacteroidota","Bacteroidia","Chitinophagales","Chitinophagaceae","midas_g_9628","midas_s_9658"
"2d91b32e6d917d65a1d87be242cb1219","Bacteria","Bacteroidota","Bacteroidia","Chitinophagales","Chitinophagaceae","midas_g_18548","midas_s_18548"
"25cae445e02ea2e212d5c5d50c5e0b2a","Bacteria","Bacteroidota","Bacteroidia","Chitinophagales","Chitinophagaceae","Terrimonas",NA
"ee233d591d668208690edc822416b2f1","Bacteria","Bacteroidota","Bacteroidia","Chitinophagales","Chitinophagaceae","Terrimonas",NA
"e8bc7a7158f00c8a1a88a37103d43b97","Bacteria","Bacteroidota","Bacteroidia","Chitinophagales","Chitinophagaceae","Edaphobaculum","midas_s_13669"
"7899ebe8b1c41e18551cbae1c81a475e","Bacteria","Bacteroidota","Bacteroidia","Chitinophagales","Chitinophagaceae","Aurantisolimonas","midas_s_21921"
"3f3e019634e40d5ba276c728c13e51b8","Bacteria","Bacteroidota","Bacteroidia","Chitinophagales","Chitinophagaceae","Aurantisolimonas","midas_s_13895"
"bbcad68fc72ad71757bb7d03c5302f28","Bacteria","Bacteroidota","Bacteroidia","Chitinophagales","Chitinophagaceae","midas_g_679","midas_s_2051"
"997d72b0135e44f86587468e70429260","Bacteria","Bacteroidota","Bacteroidia","Chitinophagales","Chitinophagaceae","midas_g_679","midas_s_4380"
"c26844c20136b2ad9348ae0dba648cd3","Bacteria","Bacteroidota","Bacteroidia","Chitinophagales","Chitinophagaceae","midas_g_679","midas_s_679"
"a3576b389c305fc4976f852abd34981f","Bacteria","Bacteroidota","Bacteroidia","Chitinophagales","Chitinophagaceae","Ferruginibacter","midas_s_1520"
"4de40f13176daeb0508815569e02bc06","Bacteria","Bacteroidota","Bacteroidia","Chitinophagales","Chitinophagaceae","Ferruginibacter","midas_s_2037"
"8023c6b2db5b4916bceaf2e4d1962f56","Bacteria","Bacteroidota","Bacteroidia","Chitinophagales","Chitinophagaceae","Ferruginibacter","midas_s_270"
"ae992880b22d54a9f625f6e7f3d1b518","Bacteria","Bacteroidota","Bacteroidia","Chitinophagales","37-13","midas_g_1159","midas_s_1159"
"5dc9bdb761b0b6f158de8a53bf0257b9","Bacteria","Bacteroidota","Bacteroidia","Bacteroidales","Prolixibacteraceae","midas_g_10471","midas_s_10471"
"dbe3c8e83a4a4af02f5aae27acb42fc0","Bacteria","Bacteroidota","Bacteroidia","Chitinophagales","Saprospiraceae","OLB8","midas_s_29"
"20e0052656f946ff0c55db36a79e536d","Bacteria","Bacteroidota","Bacteroidia","Chitinophagales","Saprospiraceae","midas_g_1409","midas_s_1409"
"1795762a2c376156bf4f10b6674ea6b9","Bacteria","Bacteroidota","Bacteroidia","Chitinophagales","Saprospiraceae","midas_g_1063","midas_s_1063"
"4f7994c7e3317fa39e00e9d5016104ba","Bacteria","Bacteroidota","Bacteroidia","Chitinophagales","Saprospiraceae","midas_g_14316","midas_s_14316"
"d92fee9ab91a9d19c351f6f3a6dab24d","Bacteria","Bacteroidota","Bacteroidia","Chitinophagales","Saprospiraceae","midas_g_424",NA
"56fe8a7ade8d7f684f6b44695247b000","Bacteria","Bacteroidota","Bacteroidia","Chitinophagales","Saprospiraceae","midas_g_894","midas_s_12011"
"b7286b6daf1a98828027323426530cb7","Bacteria","Bacteroidota","Bacteroidia","Chitinophagales","Saprospiraceae","midas_g_1226","midas_s_13139"
"99cecc266d70284a377c9fb4906fe298","Bacteria","Bacteroidota","Bacteroidia","Chitinophagales","Saprospiraceae","midas_g_80398","midas_s_80398"
"cb170d1dc0d144cadf701aa896b52161","Bacteria","Bacteroidota","Bacteroidia","Chitinophagales","midas_f_108","midas_g_558",NA
"9d055f7df7de82be25a79c18dcd2d2f7","Bacteria","Bacteroidota","Bacteroidia","Chitinophagales","midas_f_2092","midas_g_2092","midas_s_2092"
"1ae606ae6ca07fb3dc51016d89ae86f3","Bacteria","Bacteroidota","Bacteroidia","Chitinophagales","Saprospiraceae","Haliscomenobacter",NA
"eb745f78a0fb5eaffeaa7d9c86bc9fac","Bacteria","Bacteroidota","Bacteroidia","Chitinophagales","Saprospiraceae","Ca_Epiflobacter","midas_s_89"
"b3dbca38df03acb07e7cc23f71fe6edd","Bacteria","Bacteroidota","Bacteroidia","Chitinophagales","Saprospiraceae","Ca_Epiflobacter","midas_s_40"
"2905648d6954808c38d0ead935841563","Bacteria","Bacteroidota","Bacteroidia","Chitinophagales","Saprospiraceae","Phaeodactylibacter","midas_s_970"
"0f18ed02ef2ab3ef89734df11b84e02f","Bacteria","Bacteroidota","Bacteroidia","Chitinophagales","Saprospiraceae","midas_g_3144","midas_s_3144"
"ad0f88d187ce1bb020f05d30e1d5ab23","Bacteria","Bacteroidota","Bacteroidia","Chitinophagales","Saprospiraceae","midas_g_65","midas_s_65"
"440c1985a9e0fa87aac84df7ff5d82dc","Bacteria","Firmicutes","Clostridia","Peptostreptococcales-Tissierellales","Anaerovoracaceae","Anaerovorax","midas_s_8128"
"3ea05158ffad72745301c46b56ac4d26","Bacteria","Firmicutes","Clostridia","Peptostreptococcales-Tissierellales","Acidaminobacteraceae","Acidaminobacter",NA
"39a943788a5dcf8414c5ffd92ea9ca35","Bacteria","Firmicutes","Clostridia","Peptostreptococcales-Tissierellales","Fusibacteraceae","Fusibacter","midas_s_48097"
"10760f59a3bd243f0a151e7763de3b26","Bacteria","Firmicutes","Clostridia","Peptostreptococcales-Tissierellales","Fusibacteraceae","Fusibacter","midas_s_48097"
"5de1be14689144a4808cf691b9302182","Bacteria","Elusimicrobiota","Elusimicrobia","MVP-88","midas_f_595","midas_g_945","midas_s_945"
"3821c7648290618198a66b2e4620a990","Bacteria","Actinobacteriota","Actinobacteria","Propionibacteriales","Propionibacteriaceae","Aestuariimicrobium","midas_s_6934"
"3449a64b041441946a7a99c4c281e8df","Bacteria","Actinobacteriota","Actinobacteria","Propionibacteriales","Propionibacteriaceae","Tessaracoccus","midas_s_1048"
"76c8c377077cea1dbea5ad254b01eacf","Bacteria","Actinobacteriota","Actinobacteria","Propionibacteriales","Propionibacteriaceae","Propioniciclava","midas_s_5037"
"14e116773319bce71408b1e4dd0dfa9c","Bacteria","Actinobacteriota","Actinobacteria","Propionibacteriales","Propionibacteriaceae","Propioniciclava","Propioniciclava_tarda"
"cdff5695c7ff6a567e220013a6f371d4","Bacteria","Actinobacteriota","Actinobacteria","Propionibacteriales","Propionibacteriaceae","midas_g_164","midas_s_260"
"ad768410be8bbd897c735b2b1f1599e5","Bacteria","Actinobacteriota","Actinobacteria","Micrococcales","Microbacteriaceae","Microbacterium",NA
"781eaddc1fbc840755b218a989c31cdf","Bacteria","Actinobacteriota","Actinobacteria","Micrococcales","Microbacteriaceae","Galbitalea","midas_s_1473"
"7e5a2a0efd8248d738d83abf4c383612","Bacteria","Actinobacteriota","Actinobacteria","Micrococcales","Microbacteriaceae","Galbitalea","midas_s_1473"
"bfc3da8d34ef5d97d892ffb0daf0e62d","Bacteria","Actinobacteriota","Actinobacteria","Micrococcales","Intrasporangiaceae","midas_g_99","midas_s_99"
"c009143593e0c0dd9edb1a5d01d78dde","Bacteria","Actinobacteriota","Actinobacteria","Micrococcales","Intrasporangiaceae","midas_g_99","midas_s_99"
"c3658e3a022af943d27cde1c2979b1a7","Bacteria","Actinobacteriota","Actinobacteria","Micrococcales","Intrasporangiaceae","midas_g_99","midas_s_99"
"f9c3ce5d1cf952e021891c5dd16e4f57","Bacteria","Actinobacteriota","Actinobacteria","Micrococcales","Intrasporangiaceae","Tetrasphaera","midas_s_5"
"f42ff940cd4ba6939aa3baf21d4647e3","Bacteria","Actinobacteriota","Actinobacteria","midas_o_5","midas_f_5","midas_g_100","midas_s_151"
"017c4c2fc8232f4d5d563f8ecc919c7b","Bacteria","Actinobacteriota","Actinobacteria","Propionibacteriales","Propionibacteriaceae","midas_g_497","midas_s_497"
"ca288cf48de6198f675c426c5d7975fe","Bacteria","Actinobacteriota","Actinobacteria","Propionibacteriales","Propionibacteriaceae","midas_g_497","midas_s_497"
"94ca8f277e78df2d75b520bb3feeb56d","Bacteria","Actinobacteriota","Actinobacteria","Corynebacteriales","Mycobacteriaceae","Mycobacterium","midas_s_18410"
"c9ab7db1c12467c8a5700dd68dee1ac7","Bacteria","Actinobacteriota","Actinobacteria","Corynebacteriales","Mycobacteriaceae","Mycobacterium","midas_s_8958"
"20f9bed2c5e24ca6dcdf47c0beb80058","Bacteria","Actinobacteriota","Acidimicrobiia","Microtrichales","Microtrichaceae","midas_g_120","midas_s_584"
"9c51630ebb2ab94103ef93af6208e06a","Bacteria","Actinobacteriota","Acidimicrobiia","Microtrichales","Microtrichaceae","IMCC26207","midas_s_663"
"e58293d981830b6f4ee37e6b4b45009d","Bacteria","Actinobacteriota","Acidimicrobiia","Microtrichales","Microtrichaceae","IMCC26207","midas_s_663"
"586ec8be6217a251425e8a21fa0aabfa","Bacteria","Actinobacteriota","Acidimicrobiia","Microtrichales","Microtrichaceae","Ca_Microthrix","Ca_Microthrix_parvicella"
"7a88a144e7afe065e2e18480152908d9","Bacteria","Actinobacteriota","Acidimicrobiia","Microtrichales","Microtrichaceae","midas_g_120","midas_s_334"
"6bd2c727de95e5b0ee5248921e95cc27","Bacteria","Actinobacteriota","Acidimicrobiia","Microtrichales","Ilumatobacteraceae","CL500-29_marine_group","midas_s_2564"
"db6b8d42480b972168ab1a9d28d73df2","Bacteria","Actinobacteriota","Acidimicrobiia","Microtrichales","Ilumatobacteraceae","CL500-29_marine_group","midas_s_21"
"a5927bd00e20fa8eb44d3e01752751d6","Bacteria","Actinobacteriota","Acidimicrobiia","Microtrichales","Ilumatobacteraceae","CL500-29_marine_group","midas_s_21"
"4189017cf9385d58761ba4b91ec229f0","Bacteria","Firmicutes","Bacilli","Bacillales","midas_f_32568","midas_g_77724","midas_s_77724"
"764038499c9b436b8c00281745b61479","Bacteria","Firmicutes","Bacilli","Bacillales","midas_f_32568","midas_g_32568","midas_s_59779"
"351cd6fa903f5adaa33e2f4e6f487a1c","Bacteria","Actinobacteriota","Thermoleophilia","Solirubrobacterales","67-14","midas_g_52","midas_s_52"
"01ca809703e5afde0c47b49c915d9c08","Bacteria","Firmicutes","Bacilli","Erysipelotrichales","Erysipelotrichaceae","Erysipelothrix","midas_s_8620"
"ac63aba7cbe79ae032bffbacb08e4dd9","Bacteria","Armatimonadota","Fimbriimonadia","Fimbriimonadales","Fimbriimonadaceae","midas_g_19225","midas_s_19225"
"14ada23f52a1c0ca32bd9b8d52a86e94","Bacteria","Armatimonadota","Fimbriimonadia","Fimbriimonadales","Fimbriimonadaceae","midas_g_18447","midas_s_18447"
"d526b5004e0dacaa318d5e205e06ced2","Bacteria","Armatimonadota","Fimbriimonadia","Fimbriimonadales","Fimbriimonadaceae","midas_g_2512","midas_s_2512"
"51913404cc2406f601e578d8a25003d7","Bacteria","Verrucomicrobiota","Verrucomicrobiae","Verrucomicrobiales","DEV007","midas_g_2947","midas_s_34740"
"6d708d6ea5d2ec70f3e936a5e24c84a3","Bacteria","Verrucomicrobiota","Verrucomicrobiae","Verrucomicrobiales","Verrucomicrobiaceae","midas_g_3432","midas_s_3432"
"5da0862cde16c25419563f09dea974b9","Bacteria","Verrucomicrobiota","Verrucomicrobiae","Verrucomicrobiales","Verrucomicrobiaceae","Prosthecobacter","midas_s_8641"
"767e3d4e2f4c3651360dfca185b6b4b0","Bacteria","Verrucomicrobiota","Verrucomicrobiae","Verrucomicrobiales","Verrucomicrobiaceae","midas_g_3108","midas_s_3108"
"454e3cfc63c84461a767200b89768cd7","Bacteria","Verrucomicrobiota","Verrucomicrobiae","Verrucomicrobiales","Verrucomicrobiaceae","midas_g_31074","midas_s_31074"
"ef9ec9ff7ab7ee5994f45289a30b508a","Bacteria","Verrucomicrobiota","Verrucomicrobiae","Opitutales","Opitutaceae","Lacunisphaera","midas_s_2503"
"7745307d2b546665bfd8d7dac2f46227","Bacteria","Patescibacteria","ABY1","Ca_Falkowbacteria","midas_f_5033","midas_g_13219","midas_s_47379"
"29aae937d3c163c6a34b379771ce73ad","Bacteria","Patescibacteria","ABY1","Ca_Falkowbacteria","midas_f_5033","midas_g_24878","midas_s_27504"
"b335b1b181f21b050c0cba4dbe0b217a","Bacteria","Patescibacteria","Parcubacteria","Ca_Moranbacteria","midas_f_9621","midas_g_11532","midas_s_11532"
"bac2d296111a4e0359691d49ec130711","Bacteria","Patescibacteria","Parcubacteria","Ca_Moranbacteria","midas_f_9621","midas_g_11532",NA
"6dac769a2f10a73067e16c36c86aa806","Bacteria","Patescibacteria","Parcubacteria","Ca_Zambryskibacteria","midas_f_80233","midas_g_80233","midas_s_80233"
"51d5249b9a78d8bf2425f4256a58b865","Bacteria","Patescibacteria","Parcubacteria","Ca_Azambacteria","midas_f_22488","midas_g_32831","midas_s_32831"
"3d19e654718a00550ec511736f44dbf3","Bacteria","Patescibacteria","Parcubacteria","Ca_Zambryskibacteria","midas_f_43946","midas_g_50253","midas_s_52914"
"44c7d7e1e3c232edbe0f205766fe2aea","Bacteria","Patescibacteria","Parcubacteria","Ca_Lloydbacteria","midas_f_30546","midas_g_30546","midas_s_30546"
"7e58d8ddfa94a710f7e2c0561c5ce6eb","Bacteria","Patescibacteria","Parcubacteria","Ca_Nomurabacteria","midas_f_26526","midas_g_26526","midas_s_38284"
"bdd03bfb17dff51dfd532a0d7a0c5552","Bacteria","Patescibacteria","Parcubacteria","Ca_Nomurabacteria","midas_f_26526","midas_g_26526","midas_s_38284"
"50e30bc96f6f797b323f2990ccdd1db4","Bacteria","Patescibacteria","Parcubacteria","Ca_Nomurabacteria","midas_f_46203","midas_g_79802","midas_s_79802"
"3171a10e67a9f8e25fc06d1f0452487e","Bacteria","Patescibacteria","Parcubacteria","Ca_Nomurabacteria","midas_f_46203","midas_g_79802","midas_s_79802"
"37ce7bff84fa95fd53d59759d2b379e3","Bacteria","Patescibacteria","Parcubacteria","Ca_Nomurabacteria","midas_f_46203","midas_g_77055","midas_s_87407"
"5dd48d76f3b12b8b5e9d89e5e2162c0d","Bacteria","Planctomycetota","Planctomycetes","Gemmatales","Gemmataceae","midas_g_940","midas_s_2083"
"5a8f796c3c2f3d00248b0f7fa5cad210","Bacteria","Planctomycetota","Planctomycetes","Gemmatales","Gemmataceae","midas_g_940","midas_s_2083"
"24f99f188f954f7499136f9f4478e5c7","Bacteria","Planctomycetota","Planctomycetes","Planctomycetales","Rubinisphaeraceae","SH-PL14","midas_s_3612"
"b405ebda6512bfe646bc7c70e512d39e","Bacteria","Planctomycetota","Planctomycetes","Planctomycetales","Rubinisphaeraceae","midas_g_1221",NA
"c161c9d97c3caa8ba60cd4eb980d6e84","Bacteria","Planctomycetota","Planctomycetes","Planctomycetales","Rubinisphaeraceae","midas_g_1221","midas_s_1302"
"96caa83754378c67af4fe57e462e9b76","Bacteria","Planctomycetota","Planctomycetes","Pirellulales","Pirellulaceae","Pirellula","midas_s_24191"
"6165bba08a9a19ab037d2181cd1733f4","Bacteria","Planctomycetota","Planctomycetes","Pirellulales","Pirellulaceae","Pirellula","midas_s_2514"
"04b7e15411e7ba8013a04a635f935e2e","Bacteria","Planctomycetota","Planctomycetes","Pirellulales","Pirellulaceae","Pirellula","midas_s_2514"
"bc841e8dedc3047090fc9a6959792751","Bacteria","Planctomycetota","Planctomycetes","Isosphaerales","Isosphaeraceae","midas_g_8808","midas_s_8808"
"b58d6f0839beecb32d26d8501870c10f","Bacteria","Planctomycetota","Phycisphaerae","Phycisphaerales","Phycisphaeraceae","SM1A02","midas_s_7383"
"b15e04bafbfa9c531b6ba64515903c0f","Bacteria","Planctomycetota","Phycisphaerae","Phycisphaerales","Phycisphaeraceae","SM1A02","midas_s_4972"
"f20af6c15e7175c481c1b8a347f54160","Bacteria","Planctomycetota","Phycisphaerae","Phycisphaerales","Phycisphaeraceae","midas_g_28815","midas_s_28815"
"ce248b2acf595569f46fdf60dd499783","Bacteria","Planctomycetota","Phycisphaerae","Phycisphaerales","Phycisphaeraceae","SM1A02","midas_s_38546"
"57828c8b14111c439f06c55c3dd6fc03","Bacteria","Verrucomicrobiota","Omnitrophia","Omnitrophales","Omnitrophaceae","Ca_Omnitrophus","midas_s_7031"
"e0dc64749d30f46d121adf7d1f727f2f","Bacteria","Chloroflexi","Anaerolineae","SBR1031","A4b","midas_g_4871",NA
"a72635e6c6300e0621ffc5a638dbc81f","Bacteria","Chloroflexi","Anaerolineae","SBR1031","A4b","midas_g_29983","midas_s_30692"
"b2df5edda1d9fcbd65f44adeaeae31a1","Bacteria","Chloroflexi","Anaerolineae","SBR1031","A4b","midas_g_29983","midas_s_30692"
"07b2a92393d4e254437f04df9b6ded86","Bacteria","Chloroflexi","Anaerolineae","SBR1031","A4b","midas_g_8849","midas_s_8849"
"1cf04be72d04b883bd0cfc05ad665b27","Bacteria","Chloroflexi","Anaerolineae","SBR1031","A4b","midas_g_2842","midas_s_5736"
"b1360c9eafcce031f09f85cfb02401fe","Bacteria","Chloroflexi","Anaerolineae","SBR1031","A4b","midas_g_2842","midas_s_5736"
"bbbffe91ee9b255522ad4a3a07e91d1c","Bacteria","Spirochaetota","Leptospirae","Leptospirales","Leptospiraceae","Turneriella","Turneriella_parva"
"37a95ac32f4d316516f777ccb4e6d46d","Bacteria","Actinobacteriota","Acidimicrobiia","IMCC26256","midas_f_641","midas_g_641","midas_s_7310"
"9969ba2e481145ee05b294bf3cad0251","Bacteria","Planctomycetota","OM190","midas_o_2104","midas_f_7287","midas_g_48583","midas_s_48583"
"99029e816ff4e4a62ce856ab37638791","Bacteria","Planctomycetota","OM190","midas_o_2104","midas_f_2104","midas_g_4089",NA
"d95fbb9d3357a27512d77794c9ca08d8","Bacteria","Planctomycetota","OM190","midas_o_2104","midas_f_2104","midas_g_23116","midas_s_59399"
"0e1cab95209d0b63d4f003fb44ab088a","Bacteria","Planctomycetota","OM190","midas_o_2104","midas_f_2104","midas_g_4089","midas_s_4089"
"68607b84eee324f54076747b641eb46f","Bacteria","Acidobacteriota","Blastocatellia","Blastocatellales","Blastocatellaceae","JGI_0001001-H03","midas_s_170"
"c495cc73e78023393ea885e9bc394b95","Bacteria","Acidobacteriota","Blastocatellia","Blastocatellales","Blastocatellaceae","Blastocatella",NA
"48119a45ca8faab8c95e7f06c75def25","Bacteria","Acidobacteriota","Blastocatellia","Blastocatellales","Blastocatellaceae","Blastocatella",NA
"0cece2159a42304959960bdcf1f918f7","Bacteria","Chloroflexi","Anaerolineae","Caldilineales","Caldilineaceae","midas_g_1668","midas_s_1668"
"227ba217f743db6f6ed98da6bb5e60d0","Bacteria","Chloroflexi","Anaerolineae","Caldilineales","Caldilineaceae","midas_g_1668","midas_s_1668"
"445dd9fbe456bac7b972d26ef713e8d4","Bacteria","Chloroflexi","Anaerolineae","Caldilineales","Caldilineaceae","midas_g_2621","midas_s_32923"
"9c3fdf7e3081f7a6279ff7ce2e7f8f2d","Bacteria","Chloroflexi","Anaerolineae","Caldilineales","Caldilineaceae","midas_g_2621","midas_s_2621"
"4e0ce4ff4f098e1d742f02ff2308bc37","Bacteria","Chloroflexi","Anaerolineae","Caldilineales","Caldilineaceae","midas_g_2621","midas_s_2621"
"3123a542cdc501e5d973801be1b42ef9","Bacteria","Chloroflexi","Anaerolineae","Caldilineales","Caldilineaceae","midas_g_1400","midas_s_1400"
"43e535d98ca9b0635a2523b9d7c848a6","Bacteria","Chloroflexi","Anaerolineae","1-20","midas_f_105","midas_g_550","midas_s_550"
"4bd1271609e683176f173be41f6e7e65","Bacteria","Chloroflexi","Anaerolineae","1-20","midas_f_105","midas_g_550","midas_s_550"
"adbe04fb63043d92e9fe88b0a27fdbe0","Bacteria","Chloroflexi","Chloroflexia","Thermomicrobiales","JG30-KF-CM45","midas_g_3626","midas_s_3626"
"cb9c88290f0a4cc3129c88c30d453f1e","Bacteria","Chloroflexi","Chloroflexia","Thermomicrobiales","JG30-KF-CM45","midas_g_4042","midas_s_5478"
"a8446c96f2b01babf6ab1bec692aee81","Bacteria","Gemmatimonadota","Gemmatimonadetes","Gemmatimonadales","Gemmatimonadaceae","Gemmatimonas","midas_s_1252"
"51440aeac1e52f0a382905a4500f4053","Bacteria","Gemmatimonadota","Gemmatimonadetes","Gemmatimonadales","Gemmatimonadaceae","midas_g_764","midas_s_929"
"ff6c4f4c8ceca90462ded24e2c30d0f8","Bacteria","Gemmatimonadota","Gemmatimonadetes","Gemmatimonadales","Gemmatimonadaceae","midas_g_1970","midas_s_3113"
"57a3595d34aeaf09be8f0e761a34238f","Bacteria","Chloroflexi","Chloroflexia","Chloroflexales","Roseiflexaceae","midas_g_7080","midas_s_7080"
"57d2421c0b142187546bc0155d821a0e","Bacteria","Chloroflexi","Chloroflexia","Chloroflexales","Roseiflexaceae","Kouleothrix","midas_s_1244"
"646d9b5c5bcef4e1e02f7b1e96d294c4","Bacteria","Chloroflexi","Chloroflexia","Chloroflexales","Roseiflexaceae","Kouleothrix",NA
"f47dae60e9fefd77f6ad7cec54f7b0ae","Bacteria","Firmicutes","Bacilli","Lactobacillales","Carnobacteriaceae","Trichococcus","midas_s_4"
"cb33eebaba5cb45900aebece1e95562e","Bacteria","Firmicutes","Bacilli","Lactobacillales","Carnobacteriaceae","Trichococcus","midas_s_4"
